element_id,region_id,text_content,description
page-title,013,2025年決定版｜医療ダイエット比較ランキング,ページタイトル
meta-description,013,あなたの地域の優良クリニックを探そう。地域別ランキング、診療科目、営業時間から最適な医療機関を見つけられます。,メタディスクリプション
site-logo,013,医療ダイエット比較.com,サイトロゴテキスト
hero-alt,013,脂肪溶解注射ランキング - コスパ×通いやすさで選ぶ,ヒーロー画像のalt属性
mv-appeal-text1,013,コスパ,MVの左側アピールテキスト1
mv-appeal-text2,013,通いやすさ,MVの右側アピールテキスト2
mv-svg-text1,013,脂肪ダイエット,MVのSVGテキスト1
mv-svg-text2,013,ランキング,MVのSVGテキスト2
ranking-banner-alt,013,で人気の医療ダイエットはここ！,ランキングバナーのalt属性
tips-title1,013,効果実感が早い,Tips1のタイトル
tips-content1,013,本気で痩せたいなら医療痩身が最短！科学的根拠に基づき、脂肪細胞そのものを破壊・減少させるので痩せる仕組みで、リバウンドしにくい！と今人気急上昇中のダイエット法！,Tips1の内容
tips-title2,013,通いやすさ重要,Tips2のタイトル
tips-content2,013,クリニック選びでは立地とアクセスの良さが重要。定期的な通院が必要な医療ダイエットでは、自宅や職場から通いやすい場所にあるクリニックを選ぶことが継続の鍵。,Tips2の内容
tips-title3,013,今がお得,Tips3のタイトル
tips-content3,013,多くのクリニックで新春キャンペーンを実施中。今なら通常より大幅に安い価格で医療ダイエットを始められるチャンス！,Tips3の内容
comparison-title,013,で人気の医療ダイエット,比較表のタイトル
comparison-subtitle,013,クリニックを徹底比較,比較表のサブタイトル
details-banner-alt,013,コスパ×効果×通いやすさで選ぶ医療痩身クリニックBEST3,詳細バナーのalt属性
column1-alt,013,医療ダイエット解説,コラム1の画像alt
column2-alt,013,医療痩身の副作用について,コラム2の画像alt
column3-alt,013,医療痩身契約の注意点,コラム3の画像alt
page-title,014,2025年決定版｜医療ダイエット比較ランキング,ページタイトル
meta-description,014,あなたの地域の優良クリニックを探そう。地域別ランキング、診療科目、営業時間から最適な医療機関を見つけられます。,メタディスクリプション
site-logo,014,医療ダイエット比較.com,サイトロゴテキスト
hero-alt,014,脂肪溶解注射ランキング - コスパ×通いやすさで選ぶ,ヒーロー画像のalt属性
mv-appeal-text1,014,コスパ,MVの左側アピールテキスト1
mv-appeal-text2,014,通いやすさ,MVの右側アピールテキスト2
mv-svg-text1,014,脂肪ダイエット,MVのSVGテキスト1
mv-svg-text2,014,ランキング,MVのSVGテキスト2
ranking-banner-alt,014,で人気の医療ダイエットはここ！,ランキングバナーのalt属性
tips-title1,014,効果実感が早い,Tips1のタイトル
tips-content1,014,本気で痩せたいなら医療痩身が最短！科学的根拠に基づき、脂肪細胞そのものを破壊・減少させるので痩せる仕組みで、リバウンドしにくい！と今人気急上昇中のダイエット法！,Tips1の内容
tips-title2,014,通いやすさ重要,Tips2のタイトル
tips-content2,014,クリニック選びでは立地とアクセスの良さが重要。定期的な通院が必要な医療ダイエットでは、自宅や職場から通いやすい場所にあるクリニックを選ぶことが継続の鍵。,Tips2の内容
tips-title3,014,今がお得,Tips3のタイトル
tips-content3,014,多くのクリニックで新春キャンペーンを実施中。今なら通常より大幅に安い価格で医療ダイエットを始められるチャンス！,Tips3の内容
comparison-title,014,で人気の医療ダイエット,比較表のタイトル
comparison-subtitle,014,クリニックを徹底比較,比較表のサブタイトル
details-banner-alt,014,コスパ×効果×通いやすさで選ぶ医療痩身クリニックBEST3,詳細バナーのalt属性
column1-alt,014,医療ダイエット解説,コラム1の画像alt
column2-alt,014,医療痩身の副作用について,コラム2の画像alt
column3-alt,014,医療痩身契約の注意点,コラム3の画像alt
page-title,027,2025年決定版｜注射ダイエット比較ランキング,ページタイトル
meta-description,027,神奈川の優良クリニックを探そう。地域別ランキング、診療科目、営業時間から最適な医療機関を見つけられます。,メタディスクリプション
site-logo,027,注射ダイエット比較.com,サイトロゴテキスト
hero-alt,027,脂肪溶解注射ランキング - 価格重視×アクセス良好で選ぶ,ヒーロー画像のalt属性
mv-appeal-text1,027,価格重視,MVの左側アピールテキスト1
mv-appeal-text2,027,アクセス良好,MVの右側アピールテキスト2
mv-svg-text1,027,注射ダイエット,MVのSVGテキスト1
mv-svg-text2,027,ランキング,MVのSVGテキスト2
ranking-banner-alt,027,で人気の注射ダイエットはここ！,ランキングバナーのalt属性
tips-title1,027,効果実感が早い,Tips1のタイトル
tips-content1,027,本気で痩せたいなら注射痩身が最短！科学的根拠に基づき、脂肪細胞そのものを破壊・減少させるので痩せる仕組みで、リバウンドしにくい！と今人気急上昇中のダイエット法！,Tips1の内容
tips-title2,027,立地が重要,Tips2のタイトル
tips-content2,027,クリニック選びでは立地とアクセスの良さが重要。定期的な通院が必要な注射ダイエットでは、自宅や職場から通いやすい場所にあるクリニックを選ぶことが継続の鍵。,Tips2の内容
tips-title3,027,今がお得,Tips3のタイトル
tips-content3,027,多くのクリニックで新春キャンペーンを実施中。今なら通常より大幅に安い価格で注射ダイエットを始められるチャンス！,Tips3の内容
comparison-title,027,で人気の注射ダイエット,比較表のタイトル
comparison-subtitle,027,クリニックを徹底比較,比較表のサブタイトル
details-banner-alt,027,価格重視×効果×アクセス良好で選ぶ注射痩身クリニックBEST3,詳細バナーのalt属性
column1-alt,027,注射ダイエット解説,コラム1の画像alt
column2-alt,027,注射痩身の副作用について,コラム2の画像alt
column3-alt,027,注射痩身契約の注意点,コラム3の画像alt